{
    "polygon": [
        [
            100.60158928066414,
            14.036428256474707
        ],
        [
            100.59582490446473,
            14.038899570963196
        ],
        [
            100.59509707919761,
            14.04122964308739
        ],
        [
            100.61616967780043,
            14.040722718201522
        ],
        [
            100.61603708824902,
            14.038751188740491
        ],
        [
            100.60750837402458,
            14.038300666635521
        ],
        [
            100.60588344978493,
            14.03764273434902
        ],
        [
            100.60158928066414,
            14.036428256474707
        ]
    ],
    "mapStyle": "basic",
    "initialZoom": 15,
    "minZoom": 14,
    "maxZoom": 18,
    "maskOpacity": 0.95,
    "maskColor": "#f8fafc",
    "initialBearing": -90
}