{
    "polygon": [
        [
            100.60158928066414,
            14.036428256474707
        ],
        [
            100.5987883811116,
            14.038501085503256
        ],
        [
            100.59977543402925,
            14.041446643004917
        ],
        [
            100.61616967780043,
            14.040722718201522
        ],
        [
            100.61603708824902,
            14.038751188740491
        ],
        [
            100.60750837402458,
            14.038300666635521
        ],
        [
            100.60588344978493,
            14.03764273434902
        ],
        [
            100.60158928066414,
            14.036428256474707
        ]
    ],
    "mapStyle": "basic",
    "initialZoom": 15,
    "minZoom": 13.5,
    "maxZoom": 18,
    "maskOpacity": 0.85,
    "maskColor": "#1e2127",
    "initialBearing": -90
}